{
    "password_length": [1, 2, 3, 4],
    "time_to_generate": [0.0004839, 0.0049152, 0.323587, 30.523585]
}